<?xml version="1.0" encoding="UTF-8"?>
<!DOCTYPE mapper
    PUBLIC "-//mybatis.org//DTD Mapper 3.0//EN"
    "http://mybatis.org/dtd/mybatis-3-mapper.dtd">
<mapper namespace="member">
   
   <!-- 관리자 회원 목록 -->
   <select id="memberList" resultType="memberinfo">
      select *
      from StudentID
   </select>
   
   <!-- 관리자 회원 상세정보 -->
   <select id="viewMember" resultType="memberinfo">
      select *
         from StudentID
         where id = #{id}
   </select>
   
   <!-- 관리자 회원 정보 수정 -->
   <update id="updateMember1" parameterType="memberinfo">
      update StudentID
      set
         password = #{password},
         name = #{name}
         
      where
         id = #{id}
   </update>
   
   <!-- 관리자 회원 삭제 -->
   <delete id="deleteMember">
      delete from StudentID
         where id = #{id}
   </delete>
   
   <!-- 관리자 비밀번호 체크 -->
   <select id="checkPw" resultType="int">
      select
         count(*)
         
      from StudentID
      where id = #{id} and password = #{password}
   </select>

</mapper>