<?xml version="1.0" encoding="UTF-8" ?>
<!DOCTYPE configuration PUBLIC "-//mybatis.org//DTD Config 3.0//EN" 
	"http://mybatis.org/dtd/mybatis-3-config.dtd">
<configuration>
	<typeAliases>
		<typeAlias type="com.go.myapp.dto.MemberInfo" alias="memberinfo" />
		<typeAlias type="com.go.myapp.dto.Board1" alias="board1" />
		<typeAlias type="com.go.myapp.dto.Board2" alias="board2" />
		<typeAlias type="com.go.myapp.dto.Board3" alias="board3" />
	</typeAliases>
	<mappers>
	</mappers>
</configuration>


















